{
  "per_epoch": {
    "1": {
      "mean": 0.9137401838091407,
      "std": 0.008347410509131861
    },
    "2": {
      "mean": 0.9081615337152608,
      "std": 0.015879780389979174
    },
    "3": {
      "mean": 0.9088544125436382,
      "std": 0.019113913998864182
    },
    "4": {
      "mean": 0.9141018468489269,
      "std": 0.010692358148320641
    }
  },
  "test_per_seed": [
    0.8782399849784257,
    0.8842748102775766,
    0.8864688611630961,
    0.8493348749174379,
    0.8825100966809125
  ],
  "seeds": [
    42,
    123,
    2024,
    7,
    99
  ]
}